Category,Average Score
Remembering,0.24444444444444444
Understanding,0.22083333333333333
Theoretical,0.20952380952380953
Pseudocode,0.2722222222222222
