Category,Average Score
Remembering,0.5434782608695652
Understanding,0.6187290969899666
Theoretical,0.5815217391304348
Pseudocode,0.6956521739130435
